"RI"	"Na"	"Mg"	"Al"	"Si"	"K"	"Ca"	"Ba"	"Fe"
1.51847	13.1	3.97	1.19	72.44	0.6	8.43	0	0
1.51567	13.29	3.45	1.21	72.74	0.56	8.57	0	0
1.51918	14.04	3.58	1.37	72.08	0.56	8.3	0	0
1.51811	12.96	2.96	1.43	72.92	0.6	8.79	0.14	0
1.5166	12.99	3.18	1.23	72.97	0.58	8.81	0	0.24
1.51811	13.33	3.85	1.25	72.78	0.52	8.12	0	0
1.52227	14.17	3.81	0.78	71.35	0	9.69	0	0
1.52369	13.44	0	1.58	72.22	0.32	12.24	0	0
1.51732	14.95	0	1.8	72.99	0	8.61	1.55	0
1.5232	13.72	3.72	0.51	71.75	0.09	10.06	0	0.16
